{"credit": "Made with Blockbench", "texture_size": [64, 64], "textures": {"0": "item/custom_1", "particle": "block/tvtexture"}, "elements": [{"from": [14, 0, 8], "to": [15, 1, 9], "rotation": {"angle": 0, "axis": "y", "origin": [13, 0, 7]}, "faces": {"north": {"uv": [5.25, 2, 5.5, 2.25], "texture": "#0"}, "east": {"uv": [5.25, 2.25, 5.5, 2.5], "texture": "#0"}, "south": {"uv": [5.25, 2.5, 5.5, 2.75], "texture": "#0"}, "west": {"uv": [5.25, 2.75, 5.5, 3], "texture": "#0"}, "up": {"uv": [5.5, 3.25, 5.25, 3], "texture": "#0"}, "down": {"uv": [5.5, 3.25, 5.25, 3.5], "texture": "#0"}}}, {"from": [-2, 1, 8], "to": [18, 13, 9], "rotation": {"angle": 0, "axis": "y", "origin": [13, 1, 7]}, "faces": {"north": {"uv": [0, 0, 5, 3], "texture": "#0"}, "east": {"uv": [5, 0.5, 5.25, 3.5], "texture": "#0"}, "south": {"uv": [0, 3, 5, 6], "texture": "#0"}, "west": {"uv": [5, 3.5, 5.25, 6.5], "texture": "#0"}, "up": {"uv": [10, 0.25, 5, 0], "texture": "#0"}, "down": {"uv": [10, 0.25, 5, 0.5], "texture": "#0"}}}, {"from": [1, 0, 8], "to": [2, 1, 9], "rotation": {"angle": 0, "axis": "y", "origin": [1, 0, 7]}, "faces": {"north": {"uv": [5.25, 0.5, 5.5, 0.75], "texture": "#0"}, "east": {"uv": [5.25, 0.75, 5.5, 1], "texture": "#0"}, "south": {"uv": [5.25, 1, 5.5, 1.25], "texture": "#0"}, "west": {"uv": [5.25, 1.25, 5.5, 1.5], "texture": "#0"}, "up": {"uv": [5.5, 1.75, 5.25, 1.5], "texture": "#0"}, "down": {"uv": [5.5, 1.75, 5.25, 2], "texture": "#0"}}}]}