{"credit": "Made with Blockbench", "texture_size": [64, 64], "textures": {"0": "item/custom_2", "particle": "block/couchtexture"}, "elements": [{"from": [-8, 0, 0], "to": [24, 6, 16], "rotation": {"angle": 0, "axis": "y", "origin": [-7, 0, 0]}, "faces": {"north": {"uv": [0, 8, 8, 9.5], "texture": "#0"}, "east": {"uv": [8, 7, 12, 8.5], "texture": "#0"}, "south": {"uv": [8, 0, 16, 1.5], "texture": "#0"}, "west": {"uv": [8, 8.5, 12, 10], "texture": "#0"}, "up": {"uv": [8, 4, 0, 0], "texture": "#0"}, "down": {"uv": [8, 4, 0, 8], "texture": "#0"}}}, {"from": [-8, 6, 0], "to": [24, 11, 6], "rotation": {"angle": 0, "axis": "x", "origin": [-7, 0, 6]}, "faces": {"north": {"uv": [8, 4.5, 16, 5.75], "texture": "#0"}, "east": {"uv": [8, 10, 9.5, 11.25], "texture": "#0"}, "south": {"uv": [8, 5.75, 16, 7], "texture": "#0"}, "west": {"uv": [9.5, 10, 11, 11.25], "texture": "#0"}, "up": {"uv": [16, 3, 8, 1.5], "texture": "#0"}, "down": {"uv": [16, 3, 8, 4.5], "texture": "#0"}}}, {"from": [18, 6, 6], "to": [24, 11, 16], "rotation": {"angle": 0, "axis": "y", "origin": [18, 0, 1]}, "faces": {"north": {"uv": [3, 10.75, 4.5, 12], "texture": "#0"}, "east": {"uv": [3, 9.5, 5.5, 10.75], "texture": "#0"}, "south": {"uv": [4.5, 10.75, 6, 12], "texture": "#0"}, "west": {"uv": [5.5, 9.5, 8, 10.75], "texture": "#0"}, "up": {"uv": [1.5, 12, 0, 9.5], "texture": "#0"}, "down": {"uv": [3, 9.5, 1.5, 12], "texture": "#0"}}}]}